Number,question,Answer 1,Answer 2,Answer 3,Answer 4,correct_answer,explanation,example,why_not_a,why_not_b,why_not_c,why_not_d
1,When is a middleware executed in Django?,Before the view processing only,After the view processing only,Both before and after the view processing,During the response rendering only,c,Middleware in Django is executed both before and after the view processing. It can modify the request before the vi,"class CustomMiddleware:\n    def __init__(self, get_response):\n        self.get_response = get_response\n\n    def __call__(self, request):\n        print('Before view')\n        response = self.get_response(request)\n        print('After view')\n        return response",Middleware is not just before the view; it also processes the response.,"Middleware does not run only after the view, it runs both before and after","Middleware does not run only after the view, it runs both before and after","Middleware does not run only after the view, it runs both before and after"
2,q 2,Before the view processing only,After the view processing only,Both before and after the view processing,During the response rendering only,c,Middleware in Django is executed both before and after the view processing. It can modify the request before the vi,"class CustomMiddleware:\n    def __init__(self, get_response):\n        self.get_response = get_response\n\n    def __call__(self, request):\n        print('Before view')\n        response = self.get_response(request)\n        print('After view')\n        return response",Middleware is not just before the view; it also processes the response.,"Middleware does not run only after the view, it runs both before and after","Middleware does not run only after the view, it runs both before and after","Middleware does not run only after the view, it runs both before and after"
3,q3,Before the view processing only,After the view processing only,Both before and after the view processing,During the response rendering only,c,Middleware in Django is executed both before and after the view processing. It can modify the request before the vi,"class CustomMiddleware:\n    def __init__(self, get_response):\n        self.get_response = get_response\n\n    def __call__(self, request):\n        print('Before view')\n        response = self.get_response(request)\n        print('After view')\n        return response",Middleware is not just before the view; it also processes the response.,"Middleware does not run only after the view, it runs both before and after","Middleware does not run only after the view, it runs both before and after","Middleware does not run only after the view, it runs both before and after"
4,,,,,,,,,,,,
5,,,,,,,,,,,,
6,,,,,,,,,,,,
7,,,,,,,,,,,,
8,,,,,,,,,,,,
9,,,,,,,,,,,,
10,,,,,,,,,,,,
11,,,,,,,,,,,,
12,,,,,,,,,,,,
13,,,,,,,,,,,,
14,,,,,,,,,,,,
15,,,,,,,,,,,,
16,,,,,,,,,,,,
17,,,,,,,,,,,,
18,,,,,,,,,,,,
19,,,,,,,,,,,,
20,,,,,,,,,,,,
21,,,,,,,,,,,,
22,,,,,,,,,,,,
23,,,,,,,,,,,,
24,,,,,,,,,,,,
25,,,,,,,,,,,,
26,,,,,,,,,,,,
27,,,,,,,,,,,,
28,,,,,,,,,,,,
29,,,,,,,,,,,,
30,,,,,,,,,,,,
31,,,,,,,,,,,,
32,,,,,,,,,,,,
33,,,,,,,,,,,,
34,,,,,,,,,,,,
35,,,,,,,,,,,,
36,,,,,,,,,,,,
37,,,,,,,,,,,,
38,,,,,,,,,,,,
39,,,,,,,,,,,,
40,,,,,,,,,,,,
41,,,,,,,,,,,,
42,,,,,,,,,,,,
43,,,,,,,,,,,,
44,,,,,,,,,,,,
45,,,,,,,,,,,,
46,,,,,,,,,,,,
47,,,,,,,,,,,,
48,,,,,,,,,,,,
49,,,,,,,,,,,,
50,,,,,,,,,,,,